,Regression Models,RMSE Scores
0,LightGBM,0.05579056343914016
1,Gradient Boosting,0.06469491677591574
2,Random Forest,0.08775863637850068
3,XGBoost,0.11301082272643667
